{
  "n_estimators": 0.5814225033576036,
  "subsample": 0.13935455501941774,
  "min_child_weight": 0.0889964800048973,
  "colsample_bytree": 0.08681311241418044,
  "max_depth": 0.04286614328418628,
  "eta": 0.04147515349488733,
  "lambda": 0.008479136568886691,
  "booster": 0.0074196061948660266,
  "gamma": 0.0020384798387264795,
  "alpha": 0.0011348298223480167
}