{
  "accuracy": 0.997229916897507,
  "precision": 1.0,
  "recall": 0.9782608695652174,
  "f1_score": 0.989010989010989,
  "auc_roc": 0.9999309868875087
}