{
  "accuracy": 0.9941666666666666,
  "precision": 0.9956140350877193,
  "recall": 0.9458333333333333,
  "f1_score": 0.9700854700854701,
  "roc_auc": 0.9995679012345678
}