{
  "accuracy": 0.9770833333333333,
  "precision": 1.0,
  "recall": 0.819672131147541,
  "f1_score": 0.9009009009009009,
  "n_samples": 480,
  "n_anomalies": 50
}