{
  "accuracy": 0.997229916897507,
  "precision": 0.9787234042553191,
  "recall": 1.0,
  "f1_score": 0.989247311827957,
  "auc_roc": 0.9972394755003451
}